{"device":"Device1","temperatureAvg":74.4820290812722,"temperatureMin":61.88463368701974,"temperatureMax":86.3144300191483}
{"device":"Device2","temperatureAvg":77.80974983275661,"temperatureMin":-713.0,"temperatureMax":637.0}